{"cameraMode":{"drawMode":0,"name":"Shaded","section":"Shading Mode"},"sceneLighting":true,"audioPlay":false,"sceneViewState":{"showFog":true,"showMaterialUpdate":true,"showSkybox":true,"showFlares":true,"showImageEffects":true,"showParticleSystems":true,"showVisualEffectGraphs":true,"m_FxEnabled":true},"in2DMode":false,"pivot":{"x":0.24387094378471375,"y":0.3433675765991211,"z":-1.5092618465423585},"rotation":{"x":0.011421781964600087,"y":0.9591963291168213,"z":-0.27978184819221499,"w":0.03915802016854286},"size":2.4073948860168459,"orthographic":false}